PuzzleId,FEN,Themes,GameUrl,OpeningTags,BestMove
00008,r6k/pp2r2p/4Rp1Q/3p4/8/1N1P2R1/PqP2bPP/7K b - - 0 24,crushing hangingPiece long middlegame,https://lichess.org/787zsVup/black#48,,f2g3
0000D,5rk1/1p3ppp/pq3b2/8/8/1P1Q1N2/P4PPP/3R2K1 w - - 2 27,advantage endgame short,https://lichess.org/F8M8OS71#53,,
0008Q,8/4R3/1p2P3/p4r2/P6p/1P3Pk1/4K3/8 w - - 1 64,advantage endgame rookEndgame short,https://lichess.org/MQSyb3KW#127,,
0009B,r2qr1k1/b1p2ppp/pp4n1/P1P1p3/4P1n1/B2P2Pb/3NBP1P/RN1QR1K1 b - - 1 16,advantage middlegame short,https://lichess.org/4MWQCxQ6/black#32,Kings_Pawn_Game Kings_Pawn_Game_Leonardis_Variation,b6c5
000Pw,6k1/5p1p/4p3/4q3/3nN3/2Q3P1/PP3P1P/6K1 w - - 2 37,crushing endgame fork short,https://lichess.org/au2lCK5o#73,,
000Sa,2Q2bk1/5p1p/p5p1/2p3P1/2r1B3/7P/qPQ2P2/2K4R b - - 0 32,advantage endgame short,https://lichess.org/lTTa9lwd/black#64,,
000VW,r4r2/1p3pkp/p5p1/3R1N1Q/3P4/8/P1q2P2/3R2K1 b - - 3 25,crushing endgame long,https://lichess.org/e9AY2m5j/black#50,,g6f5
000Vc,8/8/4k1p1/2KpP2p/5PP1/8/8/8 w - - 0 53,crushing endgame long pawnEndgame,https://lichess.org/l6AejDMO#105,,
000Zo,4r3/1k6/pp3r2/1b2P2p/3R1p2/P1R2P2/1P4PP/6K1 w - - 0 35,endgame mate mateIn2 short,https://lichess.org/n8Ff742v#69,,
000aY,r4rk1/pp3ppp/2n1b3/q1pp2B1/8/P1Q2NP1/1PP1PP1P/2KR3R w - - 0 15,advantage master middlegame short,https://lichess.org/iihZGl6t#29,Benoni_Defense Benoni_Defense_Benoni-Indian_Defense,g5e7
000h0,5rk1/p5p1/3bpr1p/1Pp4q/3pR3/1P1Q1N2/P4PPP/4R1K1 w - - 4 22,advantage interference kingsideAttack middlegame veryLong,https://lichess.org/OWe6M5dF#43,,e4e6
000hf,r1bqk2r/pp1nbNp1/2p1p2p/8/2BP4/1PN3P1/P3QP1P/3R1RK1 b kq - 0 19,mate mateIn2 middlegame short,https://lichess.org/71ygsFeE/black#38,Horwitz_Defense Horwitz_Defense_Other_variations,e8f7
000jr,5k2/1p4pp/p5n1/5Q2/3BpP2/1P2PP1K/P1q4P/7r b - - 1 33,crushing endgame long,https://lichess.org/JgxFj109/black#66,,
000lC,3r3r/pQNk1ppp/1qnb1n2/1B6/8/8/PPP3PP/3R1R1K w - - 5 19,advantage hangingPiece middlegame short,https://lichess.org/vaqz2bx6#37,,d1d6
000mr,5r1k/5rp1/p7/1b2B2p/1P1P1Pq1/2R1Q3/P3p1P1/2R3K1 w - - 0 41,crushing middlegame short,https://lichess.org/8sVpuwso#81,,
000o3,8/2p1k3/6p1/1p1P1p2/1P3P2/3K2Pp/7P/8 b - - 1 43,crushing endgame pawnEndgame short zugzwang,https://lichess.org/BAY91mF3/black#86,,
000qP,8/7R/8/5p2/4bk1P/8/2r2K2/6R1 w - - 7 51,crushing endgame exposedKing long skewer,https://lichess.org/r4xUR6fC#101,,
000rO,3R4/8/K7/pB2b3/1p6/1P2k3/3p4/8 w - - 4 58,crushing endgame fork master short,https://lichess.org/tzeeBEc2#115,,
000rZ,2kr1b1r/p1p2pp1/2pqb3/7p/3N2n1/2NPB3/PPP2PPP/R2Q1RK1 w - - 2 13,kingsideAttack mate mateIn1 oneMove opening,https://lichess.org/seIMDWkD#25,Scandinavian_Defense Scandinavian_Defense_Modern_Variation,d4e6
00143,r2q1rk1/5ppp/1np5/p1b5/2p1B3/P7/1P3PPP/R1BQ1RK1 b - - 1 17,advantage middlegame short,https://lichess.org/jcuxlI63/black#34,Scotch_Game Scotch_Game_Mieses_Variation,d8f6
0017R,r2qk2r/pp2ppbp/1n1p2p1/3Pn3/2P5/2NBBP1P/PP3P2/R2QK2R b KQkq - 0 12,advantage fork long middlegame,https://lichess.org/ol84k0z4/black#24,Alekhine_Defense Alekhine_Defense_Other_variations,e8h8
0018P,5R2/1p6/p1p5/2P1rk2/2K3p1/2P1p1P1/1P5P/8 b - - 1 44,crushing endgame exposedKing rookEndgame veryLong,https://lichess.org/Xg1Gtfjr/black#88,,
0018S,2kr3r/pp3p2/4p2p/1N1p2p1/3Q4/1P1P4/2q2PPP/5RK1 b - - 1 20,advantage endgame pin short,https://lichess.org/H1ARO2GL/black#40,,
001Fg,2R2r1k/pQ4pp/5rp1/3B4/q2n4/7P/P4PP1/5RK1 w - - 3 30,advantage middlegame veryLong,https://lichess.org/y0QalMAw#59,,
001Hi,6k1/pp1r1pp1/1qp1p2p/4P2P/5Q2/1P4R1/P1Pr1PP1/R5K1 b - - 4 23,advantage endgame long pin,https://lichess.org/tUkE0z1z/black#46,,b6d4
001KR,6Qk/p1p3pp/4N3/1p6/2q1r1n1/2B5/PP4PP/3R1R1K b - - 0 28,mate mateIn1 middlegame oneMove,https://lichess.org/TaT1Zl7z/black#56,,
001Oo,6k1/4p1bp/6p1/1p1pP3/1PpPp3/2P1P3/Q2B1KPP/3q4 b - - 2 23,crushing endgame long quietMove,https://lichess.org/8IKs77O9/black#46,,
001Wz,4r1k1/5ppp/r1p5/p1n1RP2/8/2P2N1P/2P3P1/3R2K1 b - - 0 21,backRankMate endgame mate mateIn2 short,https://lichess.org/84RH3LaP/black#42,,e8e5
001XA,1qr2rk1/pb2bppp/8/8/2p1N3/P1Bn2P1/2Q2PBP/1R3RK1 b - - 3 23,crushing discoveredAttack long master middlegame sacrifice,https://lichess.org/KZRiN695/black#46,,
001aK,6k1/5p2/4p3/P1B5/2P4P/4Pnp1/Rb1rN3/5K2 b - - 1 33,crushing endgame hangingPiece long quietMove,https://lichess.org/Epr0AiEh/black#66,,
001cr,8/3B2pp/p5k1/2p3P1/1p1p1K2/8/1P6/8 b - - 0 38,bishopEndgame endgame mate mateIn1 oneMove,https://lichess.org/7FFNwibw/black#76,,
001gi,r6r/1pNk1ppp/2np4/b3p3/4P1b1/N1Q5/P4PPP/R3KB1R w KQ - 3 18,bodenMate hangingPiece mate mateIn1 middlegame oneMove,https://lichess.org/1sV2Hr22#35,Sicilian_Defense Sicilian_Defense_Other_variations,
001h8,2r3k1/2r4p/4p1p1/1p1q1pP1/p1bP1P1Q/P6R/5B2/2R3K1 b - - 5 34,crushing deflection kingsideAttack long middlegame sacrifice,https://lichess.org/IxCahP6X/black#68,,
001kG,rnbq3r/1p2bkpp/p4n2/8/2pNP3/2N5/PPP3PP/R1BQ1RK1 b - - 1 11,advantage opening pin short,https://lichess.org/xXAEaVto/black#22,Sicilian_Defense Sicilian_Defense_Najdorf_Variation,e7c5
001m3,7r/6k1/2b1pp2/8/P1N3p1/5nP1/4RP2/Q4K2 w - - 2 38,advantage endgame short skewer,https://lichess.org/LELOz22f#75,,
001om,5r1k/pp4pp/5p2/1BbQp1r1/6K1/7P/1PP3P1/3R3R w - - 2 26,mate mateIn2 middlegame short,https://lichess.org/VWOIWtIh#51,,
001pC,r4rk1/pp3ppp/3b4/2p1pPB1/7N/2PP3n/PP4PP/R2Q1RqK w - - 5 18,mate mateIn1 middlegame oneMove smotheredMate,https://lichess.org/d04UP3XD#35,Sicilian_Defense Sicilian_Defense_McDonnell_Attack,
001u3,2r3k1/p1q2pp1/Q3p2p/b1Np4/2nP1P2/4P1P1/5K1P/2B1N3 b - - 3 33,advantage hangingPiece middlegame short,https://lichess.org/BBn6ipaK/black#66,,
001uD,6k1/1p3pp1/1p5p/2r1p3/2n5/r3PN2/2RnNPPP/2R3K1 b - - 1 32,advantage long middlegame,https://lichess.org/2qkVLUl6/black#64,,
001w5,1rb2rk1/q5P1/4p2p/3p3p/3P1P2/2P5/2QK3P/3R2R1 b - - 0 29,advancedPawn attraction mate mateIn2 middlegame promotion short,https://lichess.org/0e1vxAEn/black#58,,
001wR,6nr/pp3p1p/k1p5/8/1QN5/2P1P3/4KPqP/8 b - - 5 26,endgame long mate mateIn3,https://lichess.org/ruvbd9JW/black#52,,
001wb,r3k2r/pb1p1ppp/1b4q1/1Q2P3/8/2NP1Pn1/PP4PP/R1B2R1K w kq - 1 17,mate mateIn1 middlegame oneMove,https://lichess.org/hNzYRMWP#33,Ruy_Lopez Ruy_Lopez_Bird_Variation,
001wr,r4rk1/p3ppbp/Pp1q1np1/3PpbB1/2B5/2N5/1PPQ1PPP/3RR1K1 w - - 4 18,advantage fork master masterVsMaster middlegame short,https://lichess.org/KnJ2mojX#35,Pirc_Defense Pirc_Defense_Classical_Variation,f2f3
001xO,k1r1b3/p1r1nppp/1p1qpn2/2Np4/1P1P4/PQRBPN2/5PPP/2R3K1 w - - 0 19,crushing master masterVsMaster middlegame sacrifice short,https://lichess.org/fNCePFgY#37,Slav_Defense Slav_Defense_Other_variations,
001xl,8/4R1k1/p5pp/3B4/5q2/8/5P1P/6K1 b - - 5 40,advantage endgame master masterVsMaster short skewer superGM,https://lichess.org/bEQkfPQD/black#80,,
002CP,r5k1/pp4pp/4p1q1/4p3/3n4/P5P1/1PP2Q1P/2KR1R2 w - - 4 24,endgame mate mateIn1 oneMove queensideAttack,https://lichess.org/pHZnIFdb#47,,f2e3
002Ds,8/1pp5/p2p4/P2Pk2p/1PP1p2P/2n1K2P/3N4/8 b - - 0 45,crushing endgame knightEndgame long,https://lichess.org/2SrvOtZN/black#90,,
002GQ,5rk1/5ppp/4p3/4N3/8/1Pn5/5PPP/5RK1 w - - 0 28,crushing endgame fork short,https://lichess.org/2K7g2pDT#55,,
002HE,1qr2rk1/1p1p1ppp/pB2p1n1/7n/2P1P3/1Q2NP1P/PP2B1Pb/3R1RK1 w - - 1 20,master mate mateIn1 middlegame oneMove,https://lichess.org/U21EXYdv#39,,g1f2
002Hv,8/8/8/3N2p1/5b2/3p3P/5kP1/3K4 w - - 16 56,advancedPawn crushing endgame veryLong,https://lichess.org/rLJ8Hp1v#111,,
002IE,r3brk1/5pp1/p1nqpn1p/P2pN3/2pP4/2P1PN2/5PPP/RB1QK2R b KQ - 4 16,advantage fork middlegame short,https://lichess.org/fDwvVUIp/black#32,Queens_Pawn_Game Queens_Pawn_Game_Accelerated_London_System,
002KJ,r3kb1r/ppq2ppp/4pn2/2Ppn3/1P4bP/2P2N2/P3BPP1/RNBQ1RK1 b kq - 2 10,crushing discoveredAttack middlegame short,https://lichess.org/2NpTzh7O/black#20,Caro-Kann_Defense Caro-Kann_Defense_Advance_Variation,f8e7
002LF,7r/p2q1pk1/1pp3p1/8/6P1/4Q3/PP1R1P1r/5KN1 b - - 0 38,advantage endgame interference long,https://lichess.org/md88dHiL/black#76,,
002LW,3r1rk1/1b1n1pp1/3p4/p4PPQ/4P3/3q1BN1/8/2R2RK1 b - - 1 28,advantage middlegame short,https://lichess.org/0khwj5dv/black#56,,
002Mm,rn1qr1k1/ppp3pQ/3p1pP1/3Pp3/2P1P3/8/PP3PP1/R1B1K3 b Q - 2 16,deflection mate mateIn2 middlegame short,https://lichess.org/wAkPv4uG/black#32,Three_Knights_Opening Three_Knights_Opening_Other_variations,g8f8
002O7,r3qrk1/2p2pp1/p2bpn1p/2ppNb2/3P1P2/1PP1P1B1/P2N2PP/R2Q1RK1 b - - 0 14,crushing middlegame short,https://lichess.org/dFEPPiEc/black#28,Queens_Pawn_Game Queens_Pawn_Game_Accelerated_London_System,
002Q2,7k/p4R1p/3p3r/2pN1n2/2PbBBb1/3P2P1/P3r3/5R1K w - - 1 28,cornerMate mate mateIn1 middlegame oneMove,https://lichess.org/yqAJ1jMv#55,,
002Tf,r3kbnr/ppp1qppp/2n5/3pP3/5B2/4PQ2/PPP2PPP/RN2KB1R w KQkq - 1 7,advantage fork opening short,https://lichess.org/Zq56PwHK#13,Queens_Pawn_Game Queens_Pawn_Game_Chigorin_Variation,f1b5
002Ua,r4rk1/pp3ppp/3p1q2/P1P1p3/2B5/2B2n2/2P2P1P/R2Q1RK1 w - - 0 16,crushing kingsideAttack middlegame short,https://lichess.org/06i3eMVp#31,Sicilian_Defense Sicilian_Defense_Lowenthal_Variation,
002Uy,8/8/1p6/k7/P1R5/1K5r/8/8 w - - 26 64,crushing defensiveMove endgame long rookEndgame,https://lichess.org/sLU7YN1A#127,,
002VP,8/6p1/2B1bn2/6k1/3B4/6K1/4P3/8 b - - 4 44,crushing endgame short,https://lichess.org/7yJGEbUK/black#88,,
002Z9,4r1k1/1p2R1p1/p2p2Pp/P1pP4/5q2/1R3p2/1P1Q3P/5B1K b - - 0 34,endgame hangingPiece master mate mateIn1 oneMove,https://lichess.org/Ek4aENjD/black#68,,
002bK,8/7p/2b1k3/p2p1pPB/1n1P3P/N1p1P3/4K3/8 b - - 1 42,advantage endgame hangingPiece short,https://lichess.org/IFGj8W5s/black#84,,
002e5,r2q4/pp1n1kbp/3P2b1/6N1/6Q1/P3P3/6P1/4K2R b K - 1 21,crushing long middlegame sacrifice,https://lichess.org/qaapuG48/black#42,,
002e8,r3nrk1/1b3pp1/4pb2/p3q3/1p1N4/3B2R1/PPPQN2P/1K4R1 b - - 1 23,crushing defensiveMove master middlegame pin short,https://lichess.org/ygzu5djr/black#46,,
002mG,5r1k/B1p3pp/2Qb1p2/3Pq3/P6P/8/2P3K1/3R1R2 w - - 1 36,advantage middlegame quietMove short,https://lichess.org/age2hanq#71,,
002p5,r1bqr1k1/pp1nbpp1/2p2n2/6P1/2BP4/P7/1PQNNPP1/R3K2R b KQ - 0 13,kingsideAttack mate mateIn2 middlegame short,https://lichess.org/meSoQkhU/black#26,French_Defense French_Defense_Exchange_Variation,
002rd,r6k/q1pb1p1p/1b3Pr1/p1ppP2Q/3P2p1/4B3/PP2NRPP/3R2K1 b - - 1 25,crushing kingsideAttack long middlegame pin,https://lichess.org/NcD6lul8/black#50,,
002uV,r2r2k1/1p2qppp/2n1p3/5n2/p2P4/P2Q1N2/BP3PPP/2R1R1K1 w - - 4 20,advantage middlegame short,https://lichess.org/WKH5eIti#39,,d3f5
002vV,8/6k1/2R4p/5p1P/5P1K/6P1/8/r7 w - - 2 58,endgame master mate mateIn1 oneMove rookEndgame,https://lichess.org/KB7FAntf#115,,
002xh,2nk4/8/2PBp1n1/1pK1P1p1/1P4P1/8/8/8 b - - 2 42,crushing endgame long,https://lichess.org/TfRvsd3p/black#84,,
0030b,6k1/5ppp/5nb1/pp6/6rP/5N1Q/Pq2r1P1/3R2RK b - - 4 32,backRankMate mate mateIn2 middlegame short,https://lichess.org/mhIZR6Mc/black#64,,
00347,8/2p5/8/2pPk2p/8/4K2P/6P1/8 w - - 1 42,crushing endgame pawnEndgame quietMove short,https://lichess.org/xFM0YP9S#83,,
0039T,1r5r/p3kp2/4p2p/4P3/3R1Pp1/6P1/P1P4P/4K2R w K - 1 25,crushing defensiveMove endgame long rookEndgame skewer,https://lichess.org/BrtVeJlj#49,,
003AX,2r2rk1/5ppp/bq2p3/p1ppP1N1/Pb1P2P1/1P2P2P/2QN4/2R1K2R b K - 1 18,kingsideAttack mate mateIn1 middlegame oneMove,https://lichess.org/kRgejRSt/black#36,French_Defense French_Defense_Advance_Variation,c5d4
003IX,8/3pk3/R7/1R2Pp1p/2PPnKr1/8/8/8 w - - 4 43,endgame mate mateIn1 oneMove,https://lichess.org/576Btq56#85,,
003Jb,6k1/3bqr1p/2rpp1pR/p7/Pp1QP3/1B3P2/1PP3P1/2KR4 w - - 6 22,advantage fork master middlegame short,https://lichess.org/8RvK0idj#43,,
003S3,r4k1r/pNqnppb1/6pn/2p3Np/7P/2P2Q2/PP3PP1/R1B1K2R b KQ - 2 15,advantage middlegame pin short,https://lichess.org/Eu6S0GPA/black#30,Modern_Defense Modern_Defense_Other_variations,a8b8
003Tx,2r5/pR5p/5p1k/4p3/4r3/B4nPP/PP3P2/1K2R3 w - - 0 27,backRankMate endgame fork mate mateIn2 short,https://lichess.org/A7j9VEC0#53,,
003UW,8/6pk/7p/2p5/2qp4/5PP1/P3QK1P/8 b - - 1 40,advantage endgame queenEndgame short,https://lichess.org/cXMga3rb/black#80,,
003YF,r4rk1/1pp2ppp/p2p4/2bPp3/2P1Pn1q/P1N2B2/1P3P2/R1BQK1R1 w Q - 1 15,attackingF2F7 mate mateIn1 middlegame oneMove,https://lichess.org/5DK4vDDB#29,Mexican_Defense Mexican_Defense_Other_variations,
003aS,8/8/5k1p/6p1/1R4PP/1p2KP2/8/1r6 w - - 0 43,advancedPawn crushing defensiveMove endgame long rookEndgame,https://lichess.org/I7ZktFeR#85,,
003cs,2r1kbnr/pp4pp/4p3/3pP1N1/3q4/1P2B3/P3Q1PP/nN3RK1 b k - 1 16,advantage attraction discoveredAttack exposedKing middlegame sacrifice veryLong,https://lichess.org/PmRTKflq/black#32,Caro-Kann_Defense Caro-Kann_Defense_Advance_Variation,
003eP,8/r1b1q2k/2p3p1/2Pp4/1P2p1n1/2B1P3/NQ6/2K4R b - - 1 36,crushing exposedKing long middlegame skewer,https://lichess.org/n9vCFmKh/black#72,,
003if,8/3q1kpp/1P2p3/4Q3/5P2/4B2P/2r3PK/8 b - - 0 43,advantage endgame long,https://lichess.org/mYGtlm6w/black#86,,
003jH,rn3rk1/p5pp/3N4/4np1q/5Q2/1P3K2/PB1P2P1/2R4R w - - 0 25,crushing fork long middlegame,https://lichess.org/3CQGofXT#49,,
003jb,r3kb1r/p4ppp/b1p1p3/3q4/3Q4/4BN2/PPP2PPP/R3K2R b KQkq - 0 11,crushing fork master middlegame short,https://lichess.org/960EzUS0/black#22,French_Defense French_Defense_Classical_Variation,c6c5
003jv,1R6/1p2k2p/p2n2p1/4K3/8/6P1/P6P/8 w - - 10 37,crushing endgame fork short,https://lichess.org/n0UvwK36#73,,
003md,r1b1k2N/ppp3pp/2n5/2bp4/7q/1B4n1/PPPP1P1P/RNBQ1RK1 w q - 0 10,crushing defensiveMove middlegame veryLong,https://lichess.org/ALtR2fxT#19,Russian_Game Russian_Game_Italian_Variation,
003mh,r4k1r/1pp2p2/p2p3p/3N4/3P2q1/8/PPP5/1K2Q1NR b - - 1 23,advantage attraction fork long middlegame sacrifice,https://lichess.org/HSa4keKZ/black#46,,
003nQ,6rk/pp6/2n5/3ppn1p/3p4/2P2P1q/PP3QNB/R4R1K w - - 2 29,crushing kingsideAttack master middlegame pin short,https://lichess.org/p85fiZcl#57,,
003o0,r1bqk2r/pp1nbppp/3p4/1B1p4/3P1B2/8/PPP2PPP/R2QK1NR w KQkq - 2 9,advantage fork master opening short,https://lichess.org/Ae0t9V1Z#17,Czech_Defense Czech_Defense_Other_variations,g1f3
003r5,r2qr1k1/ppp2ppp/4b3/3P4/1nP2Q2/2N2N1P/PP3KP1/R4R2 w - - 1 15,crushing fork middlegame short,https://lichess.org/JPN97v7j#29,Kings_Gambit_Accepted Kings_Gambit_Accepted_Abbazia_Defense,d5e6
003wQ,2r2rk1/6pp/3Q1q2/8/3N1B2/6P1/PP1K3P/R4b2 w - - 0 24,advantage discoveredAttack middlegame pin short,https://lichess.org/W3wvnzlo#47,,
0040n,r7/p2k1pp1/p1p1pn2/3p4/3P4/P3PQp1/1PP2P1q/2K4R w - - 0 20,advancedPawn advantage endgame short,https://lichess.org/WIUWcrdG#39,,h1h2
0042j,3r2k1/4nppp/pq1p1b2/1p2P3/2r2P2/2P1NR2/PP1Q2BP/3R2K1 b - - 0 24,backRankMate mate mateIn2 middlegame short,https://lichess.org/DuM2FZjg/black#48,,
00465,3r1Q1k/pp4pp/2p5/6q1/5R2/2P5/P1P2PPP/3rR1K1 b - - 8 27,backRankMate endgame mate mateIn1 oneMove queenRookEndgame,https://lichess.org/h21VtqGG/black#54,,
0047P,8/1N3k2/6p1/8/2P3P1/pr6/R5K1/8 w - - 1 56,crushing endgame exposedKing fork long master,https://lichess.org/Gb33KZKC#111,,
0048h,4r3/p5k1/2p2R1p/2Pp4/1P1pr1P1/P6P/8/3R3K w - - 1 35,crushing endgame exposedKing long rookEndgame,https://lichess.org/dq15P00L#69,,
004Ao,4qk2/1b3rR1/p7/1p2Q3/4P2P/P2P3K/2r5/3R4 w - - 5 41,advantage endgame short,https://lichess.org/aFlzjb1K#81,,
004Ax,8/8/4R1kp/p7/5rPK/8/7P/8 b - - 2 42,crushing endgame exposedKing long rookEndgame,https://lichess.org/x2mMwVJD/black#84,,
004BW,r1bk2r1/ppq2pQp/3bpn2/1BpnN3/5P2/1P6/PBPP2PP/RN2K2R w KQ - 3 13,advantage master middlegame short,https://lichess.org/EXlG6TZs#25,Sicilian_Defense Sicilian_Defense_Modern_Variations,
004JD,3r4/R7/2p5/p1P2p2/1p4k1/nP6/P2KNP2/8 w - - 3 41,cornerMate endgame mate mateIn1 oneMove,https://lichess.org/6vTeEc3x#81,,
004LZ,8/7R/5p2/p7/7P/2p5/3k2r1/1K2N3 w - - 3 48,advancedPawn crushing defensiveMove deflection endgame long promotion,https://lichess.org/drahwNdj#95,,
004Lu,8/p1p4p/4Pk2/2PP1p1P/1r3r2/5B2/P3RK2/8 b - - 3 38,advancedPawn advantage endgame exposedKing long master,https://lichess.org/WMeZuWza/black#76,,
004Op,2kr2r1/1bp4n/1pq1p2p/p1P5/1P3B2/P6P/5RP1/RB2Q1K1 w - - 3 26,crushing deflection kingsideAttack middlegame pin sacrifice skewer veryLong,https://lichess.org/tneg9Bzk#51,,
004RF,5rk1/5ppp/1p6/1qp2P1Q/3p3P/6R1/6PK/8 b - - 0 30,attraction crushing discoveredAttack endgame long sacrifice,https://lichess.org/2UeWcE4h/black#60,,
004Ud,r1bqk2r/p3Bppp/3p4/1ppn4/4P3/4Q3/PPP2PPP/2KR1B1R b kq - 0 11,advantage interference long middlegame,https://lichess.org/pJ7nXTvE/black#22,Three_Knights_Opening Three_Knights_Opening_Other_variations,
004WZ,r6k/1b3pp1/p1q1pn1p/2p5/P1B5/1PN4Q/2P1RP1P/R4Kr1 w - - 2 26,mate mateIn1 middlegame oneMove,https://lichess.org/BQIdXPOM#51,,
004X6,1r4k1/p4ppp/2Q5/3pq3/8/P6P/2PR1PP1/Rr4K1 w - - 1 26,endgame mate mateIn2 short,https://lichess.org/wvPFkjF9#51,,
004XI,8/3kqp2/4p3/p2p4/3P1P2/4P1rP/7r/1QR2K2 b - - 1 34,endgame mate mateIn2 short,https://lichess.org/54fnArpo/black#68,,
004Ys,r4rk1/3q1pbp/p1n1p1p1/2p3NP/1p3B2/3P3Q/PPP3P1/R3R1K1 b - - 2 19,advantage defensiveMove middlegame veryLong,https://lichess.org/LcIJdugn/black#38,Sicilian_Defense Sicilian_Defense_McDonnell_Attack,
004b0,5kB1/4b3/4P3/2p2P2/2b5/8/p7/B6K w - - 4 48,advancedPawn bishopEndgame crushing deflection endgame promotion quietMove veryLong,https://lichess.org/CJKIi1QJ#95,,
004d8,8/4kr2/R2p4/1p1Pp1p1/5p2/3K1P2/PPP5/8 b - - 0 39,crushing endgame long rookEndgame,https://lichess.org/FrR3BHbW/black#78,,
004iZ,r2r2k1/2q1bpp1/3p1n1p/1ppN4/1P1BP3/P5Q1/4RPPP/R5K1 b - - 1 20,kingsideAttack mate mateIn1 middlegame oneMove,https://lichess.org/dQ85JUe1/black#40,,
004kB,4rr1k/pQpn2pp/3p1q2/8/8/2P5/PP3PPP/RN3RK1 w - - 1 16,kingsideAttack long mate mateIn3 middlegame sacrifice,https://lichess.org/Cl9T6bjt#31,Ruy_Lopez Ruy_Lopez_Steinitz_Defense,b7c7
004mT,5Q2/8/1b1kp1p1/5p2/3p4/5qPK/7P/8 b - - 1 51,advantage endgame short skewer,https://lichess.org/Jqhi4ozb/black#102,,
004nd,3q2k1/2r5/pp3p1Q/2b1n3/P3N3/2P5/1P4PP/R6K b - - 0 24,crushing fork middlegame short,https://lichess.org/IajkZZBp/black#48,,
004sY,8/2k3n1/3p2p1/1KpP2Pp/2P4P/7B/8/8 w - - 0 57,crushing endgame short,https://lichess.org/sMrTPfXp#113,,
004sg,6k1/p3b2p/1p1pP3/2p3P1/1Pnp3B/P6P/3Q3K/8 w - - 0 38,advantage clearance endgame hangingPiece long quietMove,https://lichess.org/pSRIvt7K#75,,
004u0,6k1/ppq3pp/2p1rp2/4r3/4p1Q1/P5RP/1P3PP1/3R2K1 b - - 3 34,advantage endgame short,https://lichess.org/3gEqoQeQ/black#68,,
004zI,2q3k1/4br1p/6RQ/1p1n2p1/7P/1P4P1/1B2PP2/6K1 b - - 0 27,endgame mate mateIn1 oneMove,https://lichess.org/HE33gdt4/black#54,,
004zh,4b1k1/4Pr2/3R2pp/1ppBP1q1/8/PP4P1/2P4P/3R3K b - - 2 38,advancedPawn attraction crushing endgame exposedKing intermezzo pin promotion quietMove veryLong,https://lichess.org/sYeKSrqj/black#76,,
0050w,5rk1/1p2p1rp/p2p4/2pPb2R/2P1P3/1P1BKP1R/8/8 b - - 4 30,crushing endgame fork long,https://lichess.org/QD8pUcTR/black#60,,
0054a,r1b2rk1/ppq2ppp/8/4b2Q/4R3/3B4/PP3PPP/R1B3K1 b - - 1 15,advantage middlegame short,https://lichess.org/kZlE1pvD/black#30,Queens_Pawn_Game Queens_Pawn_Game_Colle_System,f7f5
0055Y,r1b2rk1/p3pp2/2B4b/2Qpq3/3N2pp/4P3/2P2PPP/1R2K2R b K - 1 23,advantage defensiveMove middlegame short,https://lichess.org/7Jpwzowt/black#46,,
005Bm,4rk2/p1q5/1p3Q1b/8/1p5N/2P1p3/P3P3/2K5 b - - 0 43,endgame mate mateIn2 pin short,https://lichess.org/KKslCMev/black#86,,
005Ep,5kr1/ppR3p1/3R3p/8/1r1n4/8/1P3PPP/2K5 b - - 4 31,endgame mate mateIn1 oneMove,https://lichess.org/ttFEoJfQ/black#62,,
005HG,r2q1rk1/p1p2pp1/3bbn1p/4N3/2Q5/1P4P1/PB1PPP1P/RN2K2R w KQ - 1 12,advantage clearance fork long opening,https://lichess.org/JTymzeq9#23,English_Opening English_Opening_Kings_English_Variation,
005N7,r6k/2q3pp/8/2p1n3/R1Qp4/7P/2PB1PP1/6K1 b - - 0 32,backRankMate endgame hangingPiece mate mateIn2 short,https://lichess.org/jxZhmGhg/black#64,,
005YM,5k2/p4pp1/1qn3r1/3pP2p/5P2/1NPQ4/Pr3RPP/R5K1 w - - 5 24,advantage long middlegame,https://lichess.org/fDmK2ipV#47,,
005YX,2rr4/2N2pk1/p1Q1b1pp/1p4q1/3pP3/1B1P4/PPP3PP/6RK w - - 7 25,defensiveMove equality middlegame short,https://lichess.org/zbi5w5Qy#49,,
005do,7r/pp1k4/4p1b1/3pP1Np/3P1P1K/8/P7/2R5 b - - 7 42,attraction crushing deflection endgame fork long sacrifice,https://lichess.org/Q1hPi58C/black#84,,
005f3,r5k1/2p1pp2/pp4p1/1q1r4/5P2/2QP2R1/PP6/1K4R1 b - - 0 32,crushing endgame sacrifice veryLong,https://lichess.org/Prb24UzR/black#64,,
005jJ,r1b1qrk1/pp1n1pbp/2pp1np1/4p3/2PP1B2/2NBPN1P/PP3PP1/R2Q1RK1 w - - 0 10,advantage opening short,https://lichess.org/wt6Q2xGb#19,Queens_Pawn_Game Queens_Pawn_Game_Other_variations,
005jR,8/5p1k/1P4pp/3Qn3/4BP2/6P1/1p2P2P/2q3K1 w - - 1 34,advancedPawn crushing endgame long promotion,https://lichess.org/ltr8kYV9#67,,
005nD,3rk2r/2qn1pp1/p1Q1R3/3n3p/8/8/PP4PP/5R1K b k - 0 23,fork mate mateIn2 middlegame short,https://lichess.org/hlgaj6lV/black#46,,f7e6
005qG,8/8/1p1k1p1p/3npp2/2B5/PP1K1PP1/7P/8 b - - 0 36,crushing defensiveMove endgame long,https://lichess.org/RMj9gStA/black#72,,
005wJ,r3kb1r/ppqn1ppp/4pn2/1Q2Nb2/3P4/8/PP2PPPP/RNB1KB1R w KQkq - 4 9,hangingPiece mate mateIn1 oneMove opening,https://lichess.org/2mU9GJhQ#17,Queens_Pawn_Game Queens_Pawn_Game_Zukertort_Variation,
005ws,8/8/5pp1/3K3p/3N2kP/8/8/8 w - - 2 62,crushing endgame knightEndgame master masterVsMaster quietMove veryLong,https://lichess.org/LOwACSXb#123,,
005wy,1r6/pp2kpp1/2n1p1n1/3p2PQ/5P2/2PqP3/PP1N4/2KR3R w - - 3 27,long mate mateIn3 middlegame queensideAttack sacrifice,https://lichess.org/mBQMheB4#53,,
005x9,r1b1kb1Q/ppp4p/6pB/3P4/2pn4/8/PPP1qPPP/RN1K3R w q - 2 13,mate mateIn1 middlegame oneMove queensideAttack,https://lichess.org/TiwHxq8n#25,Italian_Game Italian_Game_Rousseau_Gambit,d1c1
005xu,8/3k4/1K1P4/2P3r1/R7/5b2/8/8 b - - 0 68,advancedPawn crushing endgame exposedKing long,https://lichess.org/TDu28XvE/black#136,,
005yO,r1r3k1/ppq3bQ/4p2p/4n3/3p4/2P5/PBB2PPP/4R1K1 b - - 2 24,advantage exposedKing middlegame quietMove veryLong,https://lichess.org/j65YI8hC/black#48,,
0061g,6k1/pp3pp1/2p1q1Pp/3b4/8/6Q1/PB3Pp1/3RrNK1 b - - 2 27,endgame mate mateIn2 short,https://lichess.org/dJ3xEKJK/black#54,,
00656,7r/ppp2kp1/2nb1pp1/3p3r/3P2q1/2PQB2P/PP3PP1/R3R1K1 w - - 0 18,mate mateIn1 middlegame oneMove,https://lichess.org/V9os02rv#35,Scandinavian_Defense Scandinavian_Defense_Modern_Variation,
0068B,r1q3k1/4bppp/pp2pn2/4B3/8/2N2Q2/PPPR1PPP/6K1 b - - 0 18,crushing deflection middlegame short,https://lichess.org/LNdzAgWP/black#36,Sicilian_Defense Sicilian_Defense_Katalimov_Variation,
0068D,7r/pppk4/2pb1r2/8/2NP2p1/2P5/PP2RPP1/4R1K1 w - - 2 26,crushing endgame veryLong,https://lichess.org/WNAZgV2o#51,,
006E1,5rk1/R4pp1/1p5p/3Q4/1PPp2q1/3P2P1/5P2/4nK2 w - - 0 34,crushing deflection endgame veryLong,https://lichess.org/KaLKLKD5#67,,
006GK,2kr1br1/ppBb1ppp/8/3P2Q1/3n2n1/5N2/PP3qPP/RN2R2K b - - 0 16,mate mateIn1 oneMove opening queensideAttack,https://lichess.org/CSpoYrv7/black#32,Italian_Game Italian_Game_Two_Knights_Defense,
006HV,1r6/5k2/2p1pNp1/p5Pp/1pQ1P2P/2P4R/KP3P2/3q4 w - - 4 31,endgame mate mateIn2 short,https://lichess.org/ibb2c72C#61,,
006NL,1r6/k2qn1b1/p1b1p1p1/2PpPpN1/2nN1P1P/p4B2/1PP2Q2/1K1R3R w - - 0 32,advancedPawn advantage middlegame pin veryLong,https://lichess.org/yA3M5Q6W#63,,
006OI,8/p7/5k2/P5R1/6KP/8/8/5r2 w - - 5 53,crushing endgame rookEndgame short skewer,https://lichess.org/6AH1H5wg#105,,
006RM,1k1r3r/2q5/pp1n2p1/8/1Q6/3R2P1/PPP2P1P/3R2K1 b - - 4 29,crushing long middlegame,https://lichess.org/ceS0QvtT/black#58,,
006XF,r5kr/pp1qb1p1/2p4p/3pPb1Q/3P4/2P1B3/PP4PP/R4RK1 b - - 1 17,advantage long middlegame pin,https://lichess.org/Ynra1LLE/black#34,Russian_Game Russian_Game_Italian_Variation,
006cZ,3r1rk1/1p4p1/p1p3Qp/2q5/8/3n1N1P/PP1R2P1/5R1K b - - 7 28,advantage master masterVsMaster middlegame short,https://lichess.org/qrbDEp56/black#56,,
006fF,r1b4r/pp1k2pp/2nb2q1/1B1p2B1/3p3Q/8/PPP2PPP/3RR1K1 b - - 5 17,advantage discoveredAttack exposedKing long middlegame,https://lichess.org/mAf9SSin/black#34,Italian_Game Italian_Game_Two_Knights_Defense,
006i7,r4rk1/3nqpp1/2p1bn1p/3pN3/1p1P4/2NQP2P/1PB2PP1/R4RK1 w - - 0 18,advantage long middlegame,https://lichess.org/77CYKPKY#35,Queens_Gambit_Declined Queens_Gambit_Declined_Other_variations,
006ia,1r4k1/4bpp1/1rp2n1p/3p4/3P4/2N1B1P1/Pq2QPKP/2R1R3 w - - 3 24,advantage long middlegame,https://lichess.org/fcKXrUhC#47,,
006of,r2qr2k/1pp2pp1/1b4np/pP2P3/P4n2/BQN2N1P/5PP1/R3R1K1 w - - 3 20,advantage kingsideAttack long middlegame,https://lichess.org/MIdWd89x#39,,b3f7
006om,1r3k2/5p1p/2p1pp2/P2n4/2r1N3/P4PK1/2R2P1P/2R5 b - - 9 29,crushing endgame fork long master,https://lichess.org/BMIgw1OR/black#58,,
006pe,r4r2/2q1NN2/4bQpk/2n4p/pp5P/8/1PP2PP1/2KR3R b - - 0 28,master mate mateIn2 middlegame pin short,https://lichess.org/gkSEAS27/black#56,,
006wz,2r5/4ppkp/5bp1/1p6/1P6/P3B3/2r2PPP/1R1R2K1 b - - 2 22,attraction crushing endgame fork long sacrifice,https://lichess.org/qT0W6o27/black#44,,
006yP,6R1/8/Kpk1p3/1p1pP3/6P1/PPP1r3/8/8 b - - 3 40,crushing endgame master rookEndgame short skewer,https://lichess.org/vf9MOLH1/black#80,,
0071K,3N1r2/6R1/kp6/p2pPp1Q/2pP2P1/2q5/2P5/2K5 w - - 0 38,crushing defensiveMove endgame hangingPiece short,https://lichess.org/gY0ZkxR4#75,,
0071N,6k1/p4pp1/1p5p/4b3/4B3/4P1P1/PpR2PKP/3r4 b - - 1 30,endgame mate mateIn2 short,https://lichess.org/HRlw71ON/black#60,,
0072T,3q1nk1/1bN2rpp/pp1P4/1N6/4n2b/8/PPP2PPP/R1BQ1RK1 w - - 1 16,advantage kingsideAttack master middlegame short,https://lichess.org/aqhibPRF#31,Philidor_Defense Philidor_Defense_Lion_Variation,
00734,rn3bk1/2rqp2p/2p3p1/3p1p2/3P1P1B/pP1BP3/P1Q2PRP/1KR5 b - - 0 26,crushing middlegame pin short,https://lichess.org/jM0Jnw0u/black#52,,
00761,3r2k1/1b3pbR/p2P2P1/3p2N1/2p5/2P2N2/PP6/2K5 b - - 0 28,attraction crushing endgame exposedKing fork long sacrifice,https://lichess.org/vu70Maig/black#56,,
0078T,rk5r/1b3R2/pp2p2q/4P2p/B2p3B/4R2P/PP4P1/5Q1K b - - 0 27,attraction crushing defensiveMove exposedKing long middlegame queensideAttack sacrifice,https://lichess.org/mXf4gFYU/black#54,,
007AH,3r1n2/1bp1bkpp/p1q2n2/1p6/3P4/P1N3B1/1PP2PPP/R2QR1K1 w - - 5 18,kingsideAttack master mate mateIn1 middlegame oneMove,https://lichess.org/MCM1Gmz4#35,Scandinavian_Defense Scandinavian_Defense_Valencian_Variation,d1e2
007AS,r3kb1r/3nnpp1/4p1bp/1NppP3/3P4/6N1/P2BBPPP/R3K2R b KQkq - 0 17,crushing master middlegame short,https://lichess.org/Nfuw1Dug/black#34,Caro-Kann_Defense Caro-Kann_Defense_Advance_Variation,
007HB,rn2q1k1/pp3ppp/2pb4/3p1B2/2Pn4/1Q3N2/PP3PPP/R1B4K w - - 0 15,mate mateIn1 middlegame oneMove,https://lichess.org/prYQo0BK#29,Petrovs_Defense Petrovs_Defense_Classical_Attack,
007Rn,4r1k1/p4p1p/1p6/6q1/3P2n1/P4Q2/1P1B2P1/7K w - - 0 34,endgame mate mateIn2 short,https://lichess.org/L9kH7FqT#67,,
007XE,2kr3r/p1p1bpp1/2p2n1p/8/8/1P6/P1P1RPPP/RNB3K1 w - - 1 16,backRankMate fork mate mateIn2 middlegame short,https://lichess.org/f4f7UwiT#31,Kings_Pawn_Game Kings_Pawn_Game_Leonardis_Variation,
007c6,2kr3r/pp1n2pp/2QB1bp1/5q2/2B5/8/PPP2PPP/3R1RK1 b - - 0 17,bodenMate mate mateIn1 middlegame oneMove,https://lichess.org/vqwzqZHC/black#34,Elephant_Gambit Elephant_Gambit_Other_variations,
007eS,6k1/p4p2/1p5p/4r3/P3B3/1P3P2/2PK2PP/8 w - - 0 29,advantage endgame short,https://lichess.org/8qs8bafy#57,,
007en,rn3rk1/4pp1p/3p2pB/2q4P/3bP1b1/Pp2Q3/1P2B3/1K1R2NR w - - 0 20,long mate mateIn3 middlegame queensideAttack sacrifice,https://lichess.org/jzE2yKAk#39,,
007fJ,8/1P3ppp/8/8/8/2pk3P/3p2P1/3K4 w - - 0 52,advancedPawn endgame mate mateIn1 oneMove queenEndgame,https://lichess.org/34ezZi7R#103,,
007gO,2r3rk/5p2/4p2p/4q3/1Q6/8/1P3PPP/R4RK1 w - - 0 31,crushing endgame short,https://lichess.org/id1brvZc#61,,
007ku,r1bq3Q/1np2kp1/p5B1/1p1Pp3/1Pn2BP1/2b2P2/P3K3/R4N2 b - - 5 35,mate mateIn2 middlegame short,https://lichess.org/QveLbBjG/black#70,,
007mr,5k2/p2r3p/1p4pP/3r1q2/3Rp3/2P5/PP3PQ1/K3R3 w - - 0 33,backRankMate endgame mate mateIn2 short,https://lichess.org/J12UnEgz#65,,
007tv,r3k1nr/1pp2ppp/1pnp2q1/4p1B1/2B1P3/3P1Q1P/PPP2PP1/R4RK1 b kq - 0 11,advantage attackingF2F7 long middlegame skewer,https://lichess.org/ky7qZNjk/black#22,Italian_Game Italian_Game_Giuoco_Pianissimo,g6g5
0082f,r4rk1/2q2ppp/3pp3/4Pb1N/pp6/1B4Q1/PPP3PP/1K1RR3 b - - 0 21,kingsideAttack mate mateIn1 middlegame oneMove,https://lichess.org/fHfmODEz/black#42,,
0088O,7Q/2p5/1p2prp1/p4k1p/P4p1P/8/6RK/3q4 b - - 2 37,crushing deflection endgame short,https://lichess.org/GmH1DPx6/black#74,,
008D5,r1bqk2r/pp3ppp/4p2n/3pP3/1b1P1P2/2N5/PP4PP/R1BQKB1R b KQkq - 2 9,advantage fork master opening short,https://lichess.org/jIGC2FuP/black#18,French_Defense French_Defense_La_Bourdonnais_Variation,
008EC,6k1/4rpp1/p6p/7P/q1pP1R2/2Pb2Q1/P4RP1/6K1 w - - 9 31,advantage endgame skewer veryLong,https://lichess.org/q5CqLXP5#61,,
008GK,1k1r4/ppp3p1/8/1P5p/8/P3n2P/2P1r1P1/B3NRK1 b - - 4 31,backRankMate endgame mate mateIn2 short,https://lichess.org/9vFFDYsH/black#62,,
008LD,8/6pp/4N1k1/5p2/5P2/5rPb/4R2P/6K1 w - - 0 35,endgame mate mateIn1 oneMove,https://lichess.org/jzHHsjDp#69,,
008LT,r4rk1/6p1/b3p1nN/p1pp4/1p3P1q/3P1Q1B/PPP2PK1/R6R b - - 0 26,crushing kingsideAttack middlegame pin sacrifice short,https://lichess.org/vnxisKeU/black#52,,
008Nz,6k1/2p2ppp/pnp5/B7/2P3PP/1P1bPPR1/r6r/3R2K1 b - - 1 29,backRankMate mate mateIn1 middlegame oneMove,https://lichess.org/HNU4zavC/black#58,,
008P4,8/4k3/1p1p4/rP2p1p1/P2nP1P1/3BK3/8/R7 w - - 0 35,crushing endgame fork short,https://lichess.org/3GoHPRp3#69,,
008Sk,8/6pp/3Bp2k/p2pP2P/P2bp1PK/8/r7/5R2 b - - 2 37,crushing endgame long,https://lichess.org/rah6MiKa/black#74,,
008Y3,r5k1/1p1rqpp1/p3pnp1/2PN4/8/1Q5P/PP3PP1/3RR1K1 b - - 0 24,advantage discoveredAttack kingsideAttack master middlegame short,https://lichess.org/jAILX5BH/black#48,,
008cl,r3k2r/ppp2p1p/2n1pp2/7q/2PN2b1/2BP1Pb1/PP2B1P1/R2Q1RK1 w kq - 1 16,mate mateIn1 middlegame oneMove,https://lichess.org/K27KSt2D#31,Scandinavian_Defense Scandinavian_Defense_Mieses-Kotroc_Variation,f3g4
008lc,7k/pb1qn2n/1p2R2Q/2p2p2/2Pp4/3B4/PP3PrP/4RK2 b - - 1 27,attraction crushing exposedKing fork long middlegame,https://lichess.org/UdZXrVA5/black#54,,
008nF,2rq1rk1/7p/1n4pb/1R2p3/pPpP1P2/P1B5/3NQ1PP/2R3K1 w - - 0 31,crushing master middlegame short trappedPiece,https://lichess.org/tYO5rrIU#61,,
008o6,Q5k1/p1p3p1/5rP1/8/3P4/7P/q3r3/B4RK1 b - - 1 34,endgame mate mateIn1 oneMove,https://lichess.org/1k4lXfEi/black#68,,
008oX,4r1k1/2R3pp/2p4q/1p1p4/3P4/P7/1PP2R2/1K1N4 b - - 3 32,endgame mate mateIn2 short,https://lichess.org/APGKH8YH/black#64,,
008rw,rn2kb1r/pp2pppp/2p2n2/4q3/8/2N4Q/PPPPBPPP/R1B1K2R b KQkq - 2 8,mate mateIn1 oneMove opening,https://lichess.org/t8GAyoIk/black#16,Scandinavian_Defense Scandinavian_Defense_Main_Line,
